K,allocation_target_count,benchmark_script_sha256,burnside_passed,exact_sign_patterns,group_order,high_order_min,input_sha256,largest_irrep_dimension,logical_cpus,mkl_num_threads,n_seeds,numexpr_num_threads,numpy_version,omp_num_threads,openblas_num_threads,package_version,parseval_max_absolute_error,parseval_passed,parseval_tolerance,partition_count,peak_rss_mib,peak_rss_source,phase,platform,post_audit_rss_mib,pre_audit_lifetime_peak_rss_mib,pre_audit_rss_mib,processor,python_executable,python_version,repeat,result_sha256,sign_patterns_exact,veclib_maximum_threads,wall_seconds
4,0,a08d6b9170f387363235f736b1f94a661d33449a536f23e82dade9a3b1450c8c,true,512,24,3,aea2b22491d5aa9fc8e49456b77383c00eeeda763a1a906f191d5e4a7f3fba81,3,12,1,10,1,2.4.4,1,1,0.2.0,6.66133815e-16,true,1.39132674e-10,5,36.1601562,Windows GetProcessMemoryInfo PeakWorkingSetSize,measured,Windows-11-10.0.26200-SP0,36.1601562,33.359375,33.359375,AMD Ryzen 5 6600H with Radeon Graphics,python.exe,3.14.6,0,0e85b736f750cd07b2bf77d1470a7868c716c42f7945a9cd782d6a385512a906,true,1,0.0161376
4,0,a08d6b9170f387363235f736b1f94a661d33449a536f23e82dade9a3b1450c8c,true,512,24,3,aea2b22491d5aa9fc8e49456b77383c00eeeda763a1a906f191d5e4a7f3fba81,3,12,1,10,1,2.4.4,1,1,0.2.0,6.66133815e-16,true,1.39132674e-10,5,36.0195312,Windows GetProcessMemoryInfo PeakWorkingSetSize,measured,Windows-11-10.0.26200-SP0,36.0195312,33.40625,33.40625,AMD Ryzen 5 6600H with Radeon Graphics,python.exe,3.14.6,1,0e85b736f750cd07b2bf77d1470a7868c716c42f7945a9cd782d6a385512a906,true,1,0.0169531
4,0,a08d6b9170f387363235f736b1f94a661d33449a536f23e82dade9a3b1450c8c,true,512,24,3,aea2b22491d5aa9fc8e49456b77383c00eeeda763a1a906f191d5e4a7f3fba81,3,12,1,10,1,2.4.4,1,1,0.2.0,6.66133815e-16,true,1.39132674e-10,5,36.0390625,Windows GetProcessMemoryInfo PeakWorkingSetSize,measured,Windows-11-10.0.26200-SP0,36.0390625,33.3046875,33.3046875,AMD Ryzen 5 6600H with Radeon Graphics,python.exe,3.14.6,2,0e85b736f750cd07b2bf77d1470a7868c716c42f7945a9cd782d6a385512a906,true,1,0.017258
5,0,a08d6b9170f387363235f736b1f94a661d33449a536f23e82dade9a3b1450c8c,true,512,120,3,6b509c728dc3d9096ba2b07f9fe3015cd708e4e33284800f825059bf28d3dad6,6,12,1,10,1,2.4.4,1,1,0.2.0,4.4408921e-16,true,1.46463302e-10,7,36.4101562,Windows GetProcessMemoryInfo PeakWorkingSetSize,measured,Windows-11-10.0.26200-SP0,36.4101562,33.3164062,33.3164062,AMD Ryzen 5 6600H with Radeon Graphics,python.exe,3.14.6,0,20d280c18ee6d2b4c79d63894cced85f183c08d92df47ca40c484dfa39308598,true,1,0.0296784
5,0,a08d6b9170f387363235f736b1f94a661d33449a536f23e82dade9a3b1450c8c,true,512,120,3,6b509c728dc3d9096ba2b07f9fe3015cd708e4e33284800f825059bf28d3dad6,6,12,1,10,1,2.4.4,1,1,0.2.0,4.4408921e-16,true,1.46463302e-10,7,36.3242188,Windows GetProcessMemoryInfo PeakWorkingSetSize,measured,Windows-11-10.0.26200-SP0,36.3242188,33.265625,33.265625,AMD Ryzen 5 6600H with Radeon Graphics,python.exe,3.14.6,1,20d280c18ee6d2b4c79d63894cced85f183c08d92df47ca40c484dfa39308598,true,1,0.0292808
5,0,a08d6b9170f387363235f736b1f94a661d33449a536f23e82dade9a3b1450c8c,true,512,120,3,6b509c728dc3d9096ba2b07f9fe3015cd708e4e33284800f825059bf28d3dad6,6,12,1,10,1,2.4.4,1,1,0.2.0,4.4408921e-16,true,1.46463302e-10,7,36.4765625,Windows GetProcessMemoryInfo PeakWorkingSetSize,measured,Windows-11-10.0.26200-SP0,36.4765625,33.2148438,33.2148438,AMD Ryzen 5 6600H with Radeon Graphics,python.exe,3.14.6,2,20d280c18ee6d2b4c79d63894cced85f183c08d92df47ca40c484dfa39308598,true,1,0.0276879999
6,0,a08d6b9170f387363235f736b1f94a661d33449a536f23e82dade9a3b1450c8c,true,512,720,3,c5ae34c8064a003caa5e477e0e89ba70dc1bf974510af9effa0c21a211977134,16,12,1,10,1,2.4.4,1,1,0.2.0,1.99840144e-15,true,1.50310753e-10,11,40.9023438,Windows GetProcessMemoryInfo PeakWorkingSetSize,measured,Windows-11-10.0.26200-SP0,36.9648438,33.578125,33.578125,AMD Ryzen 5 6600H with Radeon Graphics,python.exe,3.14.6,0,5f44c51dbe32eb0316a022aac12d0b4f606fdd35f2e8126d0609a72f1f13fde5,true,1,0.1258663
6,0,a08d6b9170f387363235f736b1f94a661d33449a536f23e82dade9a3b1450c8c,true,512,720,3,c5ae34c8064a003caa5e477e0e89ba70dc1bf974510af9effa0c21a211977134,16,12,1,10,1,2.4.4,1,1,0.2.0,1.99840144e-15,true,1.50310753e-10,11,40.7539062,Windows GetProcessMemoryInfo PeakWorkingSetSize,measured,Windows-11-10.0.26200-SP0,36.8164062,33.609375,33.609375,AMD Ryzen 5 6600H with Radeon Graphics,python.exe,3.14.6,1,5f44c51dbe32eb0316a022aac12d0b4f606fdd35f2e8126d0609a72f1f13fde5,true,1,0.1190614
6,0,a08d6b9170f387363235f736b1f94a661d33449a536f23e82dade9a3b1450c8c,true,512,720,3,c5ae34c8064a003caa5e477e0e89ba70dc1bf974510af9effa0c21a211977134,16,12,1,10,1,2.4.4,1,1,0.2.0,1.99840144e-15,true,1.50310753e-10,11,41.8476562,Windows GetProcessMemoryInfo PeakWorkingSetSize,measured,Windows-11-10.0.26200-SP0,37.9140625,33.6054688,33.6054688,AMD Ryzen 5 6600H with Radeon Graphics,python.exe,3.14.6,2,5f44c51dbe32eb0316a022aac12d0b4f606fdd35f2e8126d0609a72f1f13fde5,true,1,0.1256658
7,0,a08d6b9170f387363235f736b1f94a661d33449a536f23e82dade9a3b1450c8c,true,512,5040,3,f0b88625e95987d71a4e069b9e9eab57fcf9714d7b9efe871fa366ae92854e36,35,12,1,10,1,2.4.4,1,1,0.2.0,3.77475828e-15,true,1.53373209e-10,15,154.902344,Windows GetProcessMemoryInfo PeakWorkingSetSize,measured,Windows-11-10.0.26200-SP0,41.2539062,35.5742188,35.5742188,AMD Ryzen 5 6600H with Radeon Graphics,python.exe,3.14.6,0,ad2d564590f6df91cf092991ca2df4c24554e5f9ff64a7c7d0788e21b6d14897,true,1,1.4011563
7,0,a08d6b9170f387363235f736b1f94a661d33449a536f23e82dade9a3b1450c8c,true,512,5040,3,f0b88625e95987d71a4e069b9e9eab57fcf9714d7b9efe871fa366ae92854e36,35,12,1,10,1,2.4.4,1,1,0.2.0,3.77475828e-15,true,1.53373209e-10,15,154.941406,Windows GetProcessMemoryInfo PeakWorkingSetSize,measured,Windows-11-10.0.26200-SP0,41.2421875,35.4179688,35.4179688,AMD Ryzen 5 6600H with Radeon Graphics,python.exe,3.14.6,1,ad2d564590f6df91cf092991ca2df4c24554e5f9ff64a7c7d0788e21b6d14897,true,1,1.4321808
7,0,a08d6b9170f387363235f736b1f94a661d33449a536f23e82dade9a3b1450c8c,true,512,5040,3,f0b88625e95987d71a4e069b9e9eab57fcf9714d7b9efe871fa366ae92854e36,35,12,1,10,1,2.4.4,1,1,0.2.0,3.77475828e-15,true,1.53373209e-10,15,154.691406,Windows GetProcessMemoryInfo PeakWorkingSetSize,measured,Windows-11-10.0.26200-SP0,41.28125,35.375,35.1171875,AMD Ryzen 5 6600H with Radeon Graphics,python.exe,3.14.6,2,ad2d564590f6df91cf092991ca2df4c24554e5f9ff64a7c7d0788e21b6d14897,true,1,1.4058521
