K,group_order,n_seeds,partition,dimension,interaction_order,coordinates_d2,coordinate_share_all,plugin_energy,signal_energy,jackknife_se,signal_ci_lower,signal_ci_upper,seed_signflip_p_raw,seed_signflip_exact,n_sign_patterns,inference_available,inference_status,coordinate_share_within_order,plugin_energy_share_within_order,signal_energy_share_within_order,seed_signflip_p_holm_nontrivial,seed_signflip_p_holm_high_order,supported_nontrivial_family,supported_high_order_family,alpha,support_rule,inference_method
7,5040,10,"(7,)",1,0,1,0.00019841269841269841,0.3151734282704905,0.31414750972799926,0.035504769502149792,0.2338392252446973,0.39445579421130122,0.001953125,true,512,true,seed_aware_inference_available,1,1,1,nan,nan,false,false,0.050000000000000044,adjusted_p_below_alpha_and_signal_ci_lower_above_zero,cross_seed_u_jackknife_t_whole_seed_sign_flip
7,5040,10,"(6, 1)",6,1,36,0.0071428571428571426,0.011615475787977465,0.010961020072764093,0.0020428782659994479,0.006340231056215076,0.015581809089313111,0.001953125,true,512,true,seed_aware_inference_available,1,1,1,0.02734375,nan,true,false,0.050000000000000044,adjusted_p_below_alpha_and_signal_ci_lower_above_zero,cross_seed_u_jackknife_t_whole_seed_sign_flip
7,5040,10,"(5, 2)",14,2,196,0.03888888888888889,0.0082365206318370122,0.0076155004886976812,0.00074345374979755037,0.0059338814815582562,0.009297119495837107,0.001953125,true,512,true,seed_aware_inference_available,0.46555819477434679,0.59669924132202079,0.60995765083003839,0.02734375,nan,true,false,0.050000000000000044,adjusted_p_below_alpha_and_signal_ci_lower_above_zero,cross_seed_u_jackknife_t_whole_seed_sign_flip
7,5040,10,"(5, 1, 1)",15,2,225,0.044642857142857144,0.0055669502986581193,0.0048697933318395453,0.00070295106443000674,0.0032797874016034195,0.0064597992620756706,0.001953125,true,512,true,seed_aware_inference_available,0.53444180522565321,0.40330075867797932,0.39004234916996167,0.02734375,nan,true,false,0.050000000000000044,adjusted_p_below_alpha_and_signal_ci_lower_above_zero,cross_seed_u_jackknife_t_whole_seed_sign_flip
7,5040,10,"(4, 3)",14,3,196,0.03888888888888889,0.00095473452363323101,0.00076074748135054708,0.0001865466957117196,0.00033879726681022631,0.0011826976958908678,0.001953125,true,512,true,seed_aware_inference_available,0.10763316858868753,0.13423263011512168,0.13354407431627663,0.02734375,0.021484375,true,true,0.050000000000000044,adjusted_p_below_alpha_and_signal_ci_lower_above_zero,cross_seed_u_jackknife_t_whole_seed_sign_flip
7,5040,10,"(4, 2, 1)",35,3,1225,0.24305555555555555,0.0056356881078630499,0.0046474268316429486,0.00044401613294606121,0.0036431061609328115,0.0056517475023530857,0.001953125,true,512,true,seed_aware_inference_available,0.6727073036792971,0.79235978012834885,0.81582434302979856,0.02734375,0.021484375,true,true,0.050000000000000044,adjusted_p_below_alpha_and_signal_ci_lower_above_zero,cross_seed_u_jackknife_t_whole_seed_sign_flip
7,5040,10,"(4, 1, 1, 1)",20,3,400,0.079365079365079361,0.00052211418473404822,0.00028842799036924891,8.6657847731905229e-05,9.2416491465048892e-05,0.00048443948927344893,0.001953125,true,512,true,seed_aware_inference_available,0.21965952773201539,0.073407589756529473,0.050631582653924749,0.02734375,0.021484375,true,true,0.050000000000000044,adjusted_p_below_alpha_and_signal_ci_lower_above_zero,cross_seed_u_jackknife_t_whole_seed_sign_flip
7,5040,10,"(3, 3, 1)",21,4,441,0.087499999999999994,0.00048152269171178037,0.00029090405342055751,6.8045776431954229e-05,0.00013699122288510893,0.00044481688395600605,0.001953125,true,512,true,seed_aware_inference_available,0.18910806174957118,0.28211758665992404,0.29868971462229477,0.02734375,0.021484375,true,true,0.050000000000000044,adjusted_p_below_alpha_and_signal_ci_lower_above_zero,cross_seed_u_jackknife_t_whole_seed_sign_flip
7,5040,10,"(3, 2, 2)",21,4,441,0.087499999999999994,0.00049856484318294247,0.00035245963767295535,8.0440951818874865e-05,0.00017051014374970554,0.00053440913159620519,0.001953125,true,512,true,seed_aware_inference_available,0.18910806174957118,0.29210235109012234,0.36189275245407371,0.02734375,0.021484375,true,true,0.050000000000000044,adjusted_p_below_alpha_and_signal_ci_lower_above_zero,cross_seed_u_jackknife_t_whole_seed_sign_flip
7,5040,10,"(3, 2, 1, 1)",35,4,1225,0.24305555555555555,0.00062884583324133189,0.00028214110703854287,6.2749446853224987e-05,0.00014020805129082135,0.00042407416278626437,0.001953125,true,512,true,seed_aware_inference_available,0.52530017152658659,0.36843220871797039,0.28969223960151713,0.02734375,0.021484375,true,true,0.050000000000000044,adjusted_p_below_alpha_and_signal_ci_lower_above_zero,cross_seed_u_jackknife_t_whole_seed_sign_flip
7,5040,10,"(3, 1, 1, 1, 1)",15,4,225,0.044642857142857144,9.7882209767733778e-05,4.8429151312495668e-05,1.6191060634563283e-05,1.1806570128067229e-05,8.5051732496924115e-05,0.001953125,true,512,true,seed_aware_inference_available,0.096483704974271015,0.057347853531983226,0.049725293322114415,0.02734375,0.021484375,true,true,0.050000000000000044,adjusted_p_below_alpha_and_signal_ci_lower_above_zero,cross_seed_u_jackknife_t_whole_seed_sign_flip
7,5040,10,"(2, 2, 2, 1)",14,5,196,0.03888888888888889,6.1638347466791039e-05,2.8250396165608215e-05,1.1140226177372966e-05,3.0523040330392338e-06,5.3448488298177196e-05,0.001953125,true,512,true,seed_aware_inference_available,0.45794392523364486,0.57662226613580481,0.70306636781264331,0.02734375,0.021484375,true,true,0.050000000000000044,adjusted_p_below_alpha_and_signal_ci_lower_above_zero,cross_seed_u_jackknife_t_whole_seed_sign_flip
7,5040,10,"(2, 2, 1, 1, 1)",14,5,196,0.03888888888888889,4.1251912377275424e-05,1.2107268545985125e-05,6.1342501375230578e-06,-1.7677998474628987e-06,2.5982336939433148e-05,0.009765625,true,512,true,seed_aware_inference_available,0.45794392523364486,0.38590864575394135,0.30131306020836335,0.029296875,0.029296875,false,false,0.050000000000000044,adjusted_p_below_alpha_and_signal_ci_lower_above_zero,cross_seed_u_jackknife_t_whole_seed_sign_flip
7,5040,10,"(2, 1, 1, 1, 1, 1)",6,5,36,0.0071428571428571426,4.0052783387655395e-06,-1.7597282736922147e-07,8.8367043791616388e-07,-2.1747481443969343e-06,1.8228024896584912e-06,0.544921875,true,512,true,seed_aware_inference_available,0.084112149532710276,0.037469088110253873,-0.0043794280210065224,0.77734375,0.77734375,false,false,0.050000000000000044,adjusted_p_below_alpha_and_signal_ci_lower_above_zero,cross_seed_u_jackknife_t_whole_seed_sign_flip
7,5040,10,"(1, 1, 1, 1, 1, 1, 1)",1,6,1,0.00019841269841269841,2.9176737971415487e-08,-7.4472742723987426e-09,6.9176963867342583e-08,-1.6391873914455536e-07,1.4902419059975788e-07,0.388671875,true,512,true,seed_aware_inference_available,1,1,nan,0.77734375,0.77734375,false,false,0.050000000000000044,adjusted_p_below_alpha_and_signal_ci_lower_above_zero,cross_seed_u_jackknife_t_whole_seed_sign_flip
